agency,email,method
Núcleo gestiones inmobiliarias,alcoy@inmobiliarianucleo.com,deep
Núcleo gestiones inmobiliarias,almeria@inmobiliarianucleo.com,deep
Núcleo gestiones inmobiliarias,altozano@inmobiliarianucleo.com,deep
Núcleo gestiones inmobiliarias,benalua@inmobiliarianucleo.com,deep
Núcleo gestiones inmobiliarias,benidorm@inmobiliarianucleo.com,deep
Núcleo gestiones inmobiliarias,calatayud@inmobiliarianucleo.com,deep
Núcleo gestiones inmobiliarias,carolinasaltas@inmobiliarianucleo.com,deep
Núcleo gestiones inmobiliarias,carolinasbajas@inmobiliarianucleo.com,deep
Núcleo gestiones inmobiliarias,carrus@inmobiliarianucleo.com,deep
Núcleo gestiones inmobiliarias,carruseste@inmobiliarianucleo.com,deep
Núcleo gestiones inmobiliarias,castellon@inmobiliarianucleo.com,deep
Núcleo gestiones inmobiliarias,delicias@inmobiliarianucleo.com,deep
Núcleo gestiones inmobiliarias,elcampello@inmobiliarianucleo.com,deep
Núcleo gestiones inmobiliarias,elpla@inmobiliarianucleo.com,deep
Núcleo gestiones inmobiliarias,florida@inmobiliarianucleo.com,deep
Núcleo gestiones inmobiliarias,habaneras@inmobiliarianucleo.com,deep
Núcleo gestiones inmobiliarias,losangelestombola@gmail.com,deep
Núcleo gestiones inmobiliarias,mutxamel@inmobiliarianucleo.com,deep
Núcleo gestiones inmobiliarias,picarral@inmobiliarianucleo.com,deep
Núcleo gestiones inmobiliarias,piscinasnaturales@inmobiliarianucleo.com,deep
Núcleo gestiones inmobiliarias,pladelbonrepos@inmobiliarianucleo.com,deep
Núcleo gestiones inmobiliarias,playadeloslocos@inmobiliarianucleo.com,deep
Núcleo gestiones inmobiliarias,plazamadrid@inmobiliarianucleo.com,deep
Núcleo gestiones inmobiliarias,puertodesagunto@inmobiliarianucleo.com,deep
Núcleo gestiones inmobiliarias,sagradocorazon@inmobiliarianucleo.com,deep
Núcleo gestiones inmobiliarias,salou@inmobiliarianucleo.com,deep
Núcleo gestiones inmobiliarias,sanblas@inmobiliarianucleo.com,deep
Núcleo gestiones inmobiliarias,santapola@inmobiliarianucleo.com,deep
Núcleo gestiones inmobiliarias,santjoan@inmobiliarianucleo.com,deep
Núcleo gestiones inmobiliarias,sanvicentedelraspeig@inmobiliarianucleo.com,deep
Núcleo gestiones inmobiliarias,sectorv@inmobiliarianucleo.com,deep
Núcleo gestiones inmobiliarias,torremolinos@inmobiliarianucleo.com,deep
Núcleo gestiones inmobiliarias,torrevieja@inmobiliarianucleo.com,deep
Núcleo gestiones inmobiliarias,torreviejaacequion@inmobiliarianucleo.com,deep
Núcleo gestiones inmobiliarias,vinalopomitja@inmobiliarianucleo.com,deep
Núcleo gestiones inmobiliarias,zonanorte@inmobiliarianucleo.com,deep
Six Seconds Properties,info@sixsecondsproperties.com,deep
K&N ELITE,adam@terrameridiana.com,deep
K&N ELITE,alex@terrameridiana.com,deep
K&N ELITE,info@terrameridiana.com,deep
K&N ELITE,sandra@terrameridiana.com,deep
Alegria Realestate,yan@alegria-realestate.com,deep
INMOBILIARIA GRAN ALACANT ESTATE AGENCY,info@topalacant.com,deep
Noir Properties,sara@noirproperties.com,deep
Singularity Homes,info@singularityrealestate.es,deep
Dinmegler Real Estate Costa Blanca,info@mimove.com,deep
Solvia Store Torrevieja,ProtecciondeDatos@solvia.es,deep
Solvia Store Torrevieja,SolviaDPO@solvia.es,deep
Solvia Store Torrevieja,altaprescriptores@solvia.es,deep
Solvia Store Torrevieja,comercial@solvia.es,deep
Solvia Store Torrevieja,patriciapda@gmail.com,deep
Solvia Store Torrevieja,protecciondedatos@solvia.es,deep
Solvia Store Torrevieja,web@solvia.es,deep
Eden properties,office@edenlex.com,deep
Prisma Mediterránea,i.prismamediterranea.846@inmovilla.com,deep
Prisma Mediterránea,op@firstcaution.ch,deep
EFFICAX REAL ESTATE,info@efficaxspain.com,deep
Your Dream Home,,none
Dolphin Properties SL,info@dolphin-properties.com,deep
Jaén & Asociados inmobiliaria Torrevieja -API JAEN -,info@gipe.es,deep
Euroalliance Group CB S.L.,dpd@mpr.es,deep
Costa Hogar Soluciones Inmobiliarias C.B.,?subject=Sitemap&amp;BODY=I found this article interesting and thought of sharing it with you. Check it out: https://www.economistjurist.es/sitemap/,deep
Costa Hogar Soluciones Inmobiliarias C.B.,marketing@economistjurist.es,deep
Costa Hogar Soluciones Inmobiliarias C.B.,marketing@economistjurist.es?subject=Solicito%20información%20para%20hacer%20publicidad%20en%20Economist%26Jurist,deep
Real Estate 22 Spain,,none
house golf and life,,none
newproinmo,,none
CRV PROPERTIES,info@crvacationproperties.com,deep
Cora Service og Megling,doferpa7@gmail.com,deep
John,,none
STEP IN CASA,info@theoneatelier.com,deep
David Picazo. Agente inmobiliario,,none
GRUPO - 43,bbrynestad@panattoni.com,deep
GRUPO - 43,dpryor@panattoni.com,deep
GRUPO - 43,info@panattoni.com,deep
GRUPO - 43,jdivall@panattoni.com,deep
GRUPO - 43,jhenriksen@panattoni.com,deep
GRUPO - 43,jleblanc@panattoni.com,deep
GRUPO - 43,jodewald@panattoni.com,deep
GRUPO - 43,jpagliari@panattoni.com,deep
GRUPO - 43,mbranstetter@panattoni.com,deep
GRUPO - 43,rriner@panattoni.com,deep
GRUPO - 43,tking@panattoni.com,deep
GRUPO - 43,tschaedler@panattoni.com,deep
GRUPO - 43,whamilton@panattoni.com,deep
SPACEWALK PROPERTIES,techsupport@redfin.com,deep
SPACEWALK PROPERTIES,techsupport@redfin.com?subject=Rate Limited IP,deep
Inmobiliaria Gonga,alfonso.lacruza@kwspain.es,deep
Service Buero Sabine,,none
Newport Real Estate,info@inmoba.com,deep
Adaix Orihuela Costa,info@gipe.es,deep
House Corporation,,none
"COCOHOMES, SL",example@mail.com,deep
"COCOHOMES, SL",user@example.com,deep
Medcasa Mediterranean Homes,,none
Grand Arce S.L,,none
Blaum Properties,,none
Inmo Housefy,info@inmoinvestments.com,deep
Inmo Celebrity,info@purelivingproperties.com,deep
Aroca Seiquer & Asociados S.L,,none
